barcode;кол-во
D754-ST-0203-TO-BEIGE;0
D754-OV-0203-TO-BEIGE;0
F041-ST-0203-TO-BEIGE;0
F043-ST-0203-TO-BEIGE;0
F043-OV-0203-TO-BEIGE;0
F047-ST-0203-TO-BEIGE;0
F047-OV-0203-TO-BEIGE;0
F048-ST-0203-TO-BEIGE;0
F050-ST-0203-TO-GRAY;0
F050-OV-0203-TO-GRAY;0
F052-ST-0203-TO-BEIGE;0
F052-OV-0203-TO-BEIGE;0
F053-ST-0203-TO-BEIGE;0
F149-ST-0203-TO-BEIGE;0
F149-OV-0203-TO-BEIGE;0
F152-ST-0203-TO-BEIGE;0
F152-OV-0203-TO-BEIGE;0
F152-ST-0203-TO-BEIGE-BROWN;0
F152-OV-0203-TO-BEIGE-BROWN;0
F153-ST-0203-TO-BEIGE;0
F153-OV-0203-TO-BEIGE;0
F156-ST-0203-TO-BEIGE;0
F156-OV-0203-TO-BEIGE;0
F160-ST-0203-TO-BEIGE;0
F160-OV-0203-TO-BEIGE;0
F161-ST-0203-TO-BEIGE;0
F161-OV-0203-TO-BEIGE;0
p000-ST-0203-TO-BEIGE;0
D754-ST-0815-TO-BEIGE;6
D754-OV-0815-TO-BEIGE;6
F041-ST-0815-TO-BEIGE;2
F043-ST-0815-TO-BEIGE;0
F043-OV-0815-TO-BEIGE;0
F047-ST-0815-TO-BEIGE;8
F047-OV-0815-TO-BEIGE;5
F048-ST-0815-TO-BEIGE;0
F050-ST-0815-TO-GRAY;7
F050-OV-0815-TO-GRAY;4
F052-ST-0815-TO-BEIGE;3
F052-OV-0815-TO-BEIGE;1
F053-ST-0815-TO-BEIGE;1
F149-ST-0815-TO-BEIGE;9
F149-OV-0815-TO-BEIGE;4
F152-ST-0815-TO-BEIGE;8
F152-OV-0815-TO-BEIGE;11
F152-ST-0815-TO-BEIGE-BROWN;7
F152-OV-0815-TO-BEIGE-BROWN;4
F153-ST-0815-TO-BEIGE;9
F153-OV-0815-TO-BEIGE;4
F156-ST-0815-TO-BEIGE;8
F156-OV-0815-TO-BEIGE;4
F160-ST-0815-TO-BEIGE;7
F160-OV-0815-TO-BEIGE;4
F161-ST-0815-TO-BEIGE;12
F161-OV-0815-TO-BEIGE;9
p000-ST-0815-TO-BEIGE;16
D754-ST-1020-TO-BEIGE;18
D754-OV-1020-TO-BEIGE;23
F041-ST-1020-TO-BEIGE;0
F043-ST-1020-TO-BEIGE;0
F043-OV-1020-TO-BEIGE;0
F047-ST-1020-TO-BEIGE;18
F047-OV-1020-TO-BEIGE;6
F048-ST-1020-TO-BEIGE;2
F050-ST-1020-TO-GRAY;32
F050-OV-1020-TO-GRAY;1
F052-ST-1020-TO-BEIGE;36
F052-OV-1020-TO-BEIGE;11
F053-ST-1020-TO-BEIGE;3
F149-ST-1020-TO-BEIGE;33
F149-OV-1020-TO-BEIGE;10
F152-ST-1020-TO-BEIGE;45
F152-OV-1020-TO-BEIGE;6
F152-ST-1020-TO-BEIGE-BROWN;37
F152-OV-1020-TO-BEIGE-BROWN;22
F153-ST-1020-TO-BEIGE;56
F153-OV-1020-TO-BEIGE;12
F156-ST-1020-TO-BEIGE;34
F156-OV-1020-TO-BEIGE;24
F160-ST-1020-TO-BEIGE;38
F160-OV-1020-TO-BEIGE;19
F161-ST-1020-TO-BEIGE;24
F161-OV-1020-TO-BEIGE;0
p000-ST-1020-TO-BEIGE;0
D754-ST-1523-TO-BEIGE;65
D754-OV-1523-TO-BEIGE;24
F041-ST-1523-TO-BEIGE;0
F043-ST-1523-TO-BEIGE;0
F043-OV-1523-TO-BEIGE;0
F047-ST-1523-TO-BEIGE;1
F047-OV-1523-TO-BEIGE;19
F048-ST-1523-TO-BEIGE;4
F050-ST-1523-TO-GRAY;41
F050-OV-1523-TO-GRAY;29
F052-ST-1523-TO-BEIGE;20
F052-OV-1523-TO-BEIGE;13
F053-ST-1523-TO-BEIGE;0
F149-ST-1523-TO-BEIGE;42
F149-OV-1523-TO-BEIGE;14
F152-ST-1523-TO-BEIGE;48
F152-OV-1523-TO-BEIGE;22
F152-ST-1523-TO-BEIGE-BROWN;47
F152-OV-1523-TO-BEIGE-BROWN;22
F153-ST-1523-TO-BEIGE;44
F153-OV-1523-TO-BEIGE;22
F156-ST-1523-TO-BEIGE;46
F156-OV-1523-TO-BEIGE;23
F160-ST-1523-TO-BEIGE;48
F160-OV-1523-TO-BEIGE;30
F161-ST-1523-TO-BEIGE;46
F161-OV-1523-TO-BEIGE;20
p000-ST-1523-TO-BEIGE;0
D754-ST-1530-TO-BEIGE;24
D754-OV-1530-TO-BEIGE;6
F041-ST-1530-TO-BEIGE;0
F043-ST-1530-TO-BEIGE;0
F043-OV-1530-TO-BEIGE;0
F047-ST-1530-TO-BEIGE;0
F047-OV-1530-TO-BEIGE;7
F048-ST-1530-TO-BEIGE;0
F050-ST-1530-TO-GRAY;16
F050-OV-1530-TO-GRAY;8
F052-ST-1530-TO-BEIGE;0
F052-OV-1530-TO-BEIGE;6
F053-ST-1530-TO-BEIGE;0
F149-ST-1530-TO-BEIGE;14
F149-OV-1530-TO-BEIGE;6
F152-ST-1530-TO-BEIGE;18
F152-OV-1530-TO-BEIGE;12
F152-ST-1530-TO-BEIGE-BROWN;18
F152-OV-1530-TO-BEIGE-BROWN;8
F153-ST-1530-TO-BEIGE;14
F153-OV-1530-TO-BEIGE;8
F156-ST-1530-TO-BEIGE;20
F156-OV-1530-TO-BEIGE;12
F160-ST-1530-TO-BEIGE;21
F160-OV-1530-TO-BEIGE;8
F161-ST-1530-TO-BEIGE;16
F161-OV-1530-TO-BEIGE;11
p000-ST-1530-TO-BEIGE;0
D754-ST-2029-TO-BEIGE;44
D754-OV-2029-TO-BEIGE;40
F041-ST-2029-TO-BEIGE;0
F043-ST-2029-TO-BEIGE;0
F043-OV-2029-TO-BEIGE;0
F047-ST-2029-TO-BEIGE;34
F047-OV-2029-TO-BEIGE;18
F048-ST-2029-TO-BEIGE;12
F050-ST-2029-TO-GRAY;45
F050-OV-2029-TO-GRAY;21
F052-ST-2029-TO-BEIGE;47
F052-OV-2029-TO-BEIGE;5
F053-ST-2029-TO-BEIGE;0
F149-ST-2029-TO-BEIGE;44
F149-OV-2029-TO-BEIGE;20
F152-ST-2029-TO-BEIGE;49
F152-OV-2029-TO-BEIGE;28
F152-ST-2029-TO-BEIGE-BROWN;47
F152-OV-2029-TO-BEIGE-BROWN;23
F153-ST-2029-TO-BEIGE;47
F153-OV-2029-TO-BEIGE;26
F156-ST-2029-TO-BEIGE;55
F156-OV-2029-TO-BEIGE;25
F160-ST-2029-TO-BEIGE;55
F160-OV-2029-TO-BEIGE;26
F161-ST-2029-TO-BEIGE;47
F161-OV-2029-TO-BEIGE;26
p000-ST-2029-TO-BEIGE;0
D754-ST-2040-TO-BEIGE;20
D754-OV-2040-TO-BEIGE;26
F041-ST-2040-TO-BEIGE;0
F043-ST-2040-TO-BEIGE;0
F043-OV-2040-TO-BEIGE;1
F047-ST-2040-TO-BEIGE;7
F047-OV-2040-TO-BEIGE;6
F048-ST-2040-TO-BEIGE;0
F050-ST-2040-TO-GRAY;21
F050-OV-2040-TO-GRAY;12
F052-ST-2040-TO-BEIGE;10
F052-OV-2040-TO-BEIGE;3
F053-ST-2040-TO-BEIGE;0
F149-ST-2040-TO-BEIGE;19
F149-OV-2040-TO-BEIGE;9
F152-ST-2040-TO-BEIGE;21
F152-OV-2040-TO-BEIGE;11
F152-ST-2040-TO-BEIGE-BROWN;19
F152-OV-2040-TO-BEIGE-BROWN;12
F153-ST-2040-TO-BEIGE;21
F153-OV-2040-TO-BEIGE;9
F156-ST-2040-TO-BEIGE;19
F156-OV-2040-TO-BEIGE;12
F160-ST-2040-TO-BEIGE;25
F160-OV-2040-TO-BEIGE;9
F161-ST-2040-TO-BEIGE;19
F161-OV-2040-TO-BEIGE;13
p000-ST-2040-TO-BEIGE;0
D754-ST-2535-TO-BEIGE;14
D754-OV-2535-TO-BEIGE;12
F041-ST-2535-TO-BEIGE;0
F043-ST-2535-TO-BEIGE;0
F043-OV-2535-TO-BEIGE;0
F047-ST-2535-TO-BEIGE;15
F047-OV-2535-TO-BEIGE;6
F048-ST-2535-TO-BEIGE;0
F050-ST-2535-TO-GRAY;17
F050-OV-2535-TO-GRAY;8
F052-ST-2535-TO-BEIGE;11
F052-OV-2535-TO-BEIGE;11
F053-ST-2535-TO-BEIGE;0
F149-ST-2535-TO-BEIGE;18
F149-OV-2535-TO-BEIGE;8
F152-ST-2535-TO-BEIGE;17
F152-OV-2535-TO-BEIGE;9
F152-ST-2535-TO-BEIGE-BROWN;22
F152-OV-2535-TO-BEIGE-BROWN;10
F153-ST-2535-TO-BEIGE;15
F153-OV-2535-TO-BEIGE;7
F156-ST-2535-TO-BEIGE;19
F156-OV-2535-TO-BEIGE;11
F160-ST-2535-TO-BEIGE;19
F160-OV-2535-TO-BEIGE;9
F161-ST-2535-TO-BEIGE;16
F161-OV-2535-TO-BEIGE;10
p000-ST-2535-TO-BEIGE;0
D754-ST-2540-TO-BEIGE;7
D754-OV-2540-TO-BEIGE;4
F041-ST-2540-TO-BEIGE;0
F043-ST-2540-TO-BEIGE;0
F043-OV-2540-TO-BEIGE;0
F047-ST-2540-TO-BEIGE;1
F047-OV-2540-TO-BEIGE;0
F048-ST-2540-TO-BEIGE;0
F050-ST-2540-TO-GRAY;8
F050-OV-2540-TO-GRAY;4
F052-ST-2540-TO-BEIGE;0
F052-OV-2540-TO-BEIGE;0
F053-ST-2540-TO-BEIGE;0
F149-ST-2540-TO-BEIGE;7
F149-OV-2540-TO-BEIGE;3
F152-ST-2540-TO-BEIGE;9
F152-OV-2540-TO-BEIGE;4
F152-ST-2540-TO-BEIGE-BROWN;8
F152-OV-2540-TO-BEIGE-BROWN;4
F153-ST-2540-TO-BEIGE;7
F153-OV-2540-TO-BEIGE;4
F156-ST-2540-TO-BEIGE;8
F156-OV-2540-TO-BEIGE;3
F160-ST-2540-TO-BEIGE;8
F160-OV-2540-TO-BEIGE;4
F161-ST-2540-TO-BEIGE;9
F161-OV-2540-TO-BEIGE;1
p000-ST-2540-TO-BEIGE;0
D754-ST-2550-TO-BEIGE;3
D754-OV-2550-TO-BEIGE;0
F041-ST-2550-TO-BEIGE;0
F043-ST-2550-TO-BEIGE;0
F043-OV-2550-TO-BEIGE;0
F047-ST-2550-TO-BEIGE;5
F047-OV-2550-TO-BEIGE;0
F048-ST-2550-TO-BEIGE;0
F050-ST-2550-TO-GRAY;1
F050-OV-2550-TO-GRAY;0
F052-ST-2550-TO-BEIGE;0
F052-OV-2550-TO-BEIGE;0
F053-ST-2550-TO-BEIGE;0
F149-ST-2550-TO-BEIGE;3
F149-OV-2550-TO-BEIGE;0
F152-ST-2550-TO-BEIGE;4
F152-OV-2550-TO-BEIGE;0
F152-ST-2550-TO-BEIGE-BROWN;2
F152-OV-2550-TO-BEIGE-BROWN;0
F153-ST-2550-TO-BEIGE;3
F153-OV-2550-TO-BEIGE;0
F156-ST-2550-TO-BEIGE;6
F156-OV-2550-TO-BEIGE;0
F160-ST-2550-TO-BEIGE;3
F160-OV-2550-TO-BEIGE;0
F161-ST-2550-TO-BEIGE;3
F161-OV-2550-TO-BEIGE;0
p000-ST-2550-TO-BEIGE;0
D754-ST-3040-TO-BEIGE;6
D754-OV-3040-TO-BEIGE;0
F041-ST-3040-TO-BEIGE;0
F043-ST-3040-TO-BEIGE;0
F043-OV-3040-TO-BEIGE;1
F047-ST-3040-TO-BEIGE;4
F047-OV-3040-TO-BEIGE;3
F048-ST-3040-TO-BEIGE;1
F050-ST-3040-TO-GRAY;9
F050-OV-3040-TO-GRAY;5
F052-ST-3040-TO-BEIGE;1
F052-OV-3040-TO-BEIGE;1
F053-ST-3040-TO-BEIGE;0
F149-ST-3040-TO-BEIGE;9
F149-OV-3040-TO-BEIGE;3
F152-ST-3040-TO-BEIGE;10
F152-OV-3040-TO-BEIGE;2
F152-ST-3040-TO-BEIGE-BROWN;16
F152-OV-3040-TO-BEIGE-BROWN;5
F153-ST-3040-TO-BEIGE;9
F153-OV-3040-TO-BEIGE;5
F156-ST-3040-TO-BEIGE;8
F156-OV-3040-TO-BEIGE;4
F160-ST-3040-TO-BEIGE;10
F160-OV-3040-TO-BEIGE;4
F161-ST-3040-TO-BEIGE;8
F161-OV-3040-TO-BEIGE;2
p000-ST-3040-TO-BEIGE;0
D754-ST-3050-TO-BEIGE;5
D754-OV-3050-TO-BEIGE;0
F041-ST-3050-TO-BEIGE;0
F043-ST-3050-TO-BEIGE;2
F043-OV-3050-TO-BEIGE;0
F047-ST-3050-TO-BEIGE;5
F047-OV-3050-TO-BEIGE;0
F048-ST-3050-TO-BEIGE;0
F050-ST-3050-TO-GRAY;9
F050-OV-3050-TO-GRAY;0
F052-ST-3050-TO-BEIGE;0
F052-OV-3050-TO-BEIGE;0
F053-ST-3050-TO-BEIGE;0
F149-ST-3050-TO-BEIGE;4
F149-OV-3050-TO-BEIGE;0
F152-ST-3050-TO-BEIGE;3
F152-OV-3050-TO-BEIGE;0
F152-ST-3050-TO-BEIGE-BROWN;4
F152-OV-3050-TO-BEIGE-BROWN;0
F153-ST-3050-TO-BEIGE;6
F153-OV-3050-TO-BEIGE;0
F156-ST-3050-TO-BEIGE;5
F156-OV-3050-TO-BEIGE;0
F160-ST-3050-TO-BEIGE;5
F160-OV-3050-TO-BEIGE;0
F161-ST-3050-TO-BEIGE;5
F161-OV-3050-TO-BEIGE;0
p000-ST-3050-TO-BEIGE;0
